{
  "device": "Tencent Tianji-S2",
  "n_qubits": 13,
  "description": "Calibration data from SI Tables S2-S3 of the VQE-MC-PDFT manuscript",
  "single_qubit": {
    "T1_us": {
      "Q0": 86.4,
      "Q1": 80.7,
      "Q2": 65.0,
      "Q3": 75.8,
      "Q4": 58.3,
      "Q5": 96.6,
      "Q6": 70.3,
      "Q7": 71.7,
      "Q8": 101.7,
      "Q9": 102.6,
      "Q10": 96.3,
      "Q11": 91.4,
      "Q12": 94.5
    },
    "T2_us": {
      "Q0": 68.9,
      "Q1": 17.2,
      "Q2": 60.7,
      "Q3": 66.2,
      "Q4": 54.9,
      "Q5": 18.6,
      "Q6": 31.5,
      "Q7": 22.7,
      "Q8": 72.9,
      "Q9": 27.3,
      "Q10": 37.4,
      "Q11": 91.8,
      "Q12": 19.5
    },
    "gate_error": {
      "Q0": 0.00033,
      "Q1": 0.00091,
      "Q2": 0.00047,
      "Q3": 0.00071,
      "Q4": 0.0011,
      "Q5": 0.00051,
      "Q6": 0.00061,
      "Q7": 0.00061,
      "Q8": 0.00151,
      "Q9": 0.0004,
      "Q10": 0.00052,
      "Q11": 0.00042,
      "Q12": 0.00085
    },
    "readout_error_F0": {
      "Q0": 0.0049,
      "Q1": 0.0049,
      "Q2": 0.0048,
      "Q3": 0.0061,
      "Q4": 0.0077,
      "Q5": 0.0148,
      "Q6": 0.0126,
      "Q7": 0.005,
      "Q8": 0.002,
      "Q9": 0.0011,
      "Q10": 0.0038,
      "Q11": 0.0013,
      "Q12": 0.0014
    },
    "readout_error_F1": {
      "Q0": 0.0082,
      "Q1": 0.0102,
      "Q2": 0.0212,
      "Q3": 0.011,
      "Q4": 0.0106,
      "Q5": 0.0561,
      "Q6": 0.0145,
      "Q7": 0.0178,
      "Q8": 0.0159,
      "Q9": 0.0031,
      "Q10": 0.0296,
      "Q11": 0.0057,
      "Q12": 0.0119
    },
    "averages": {
      "T1_us": 83.9,
      "T2_us": 45.4,
      "gate_error": 0.00069,
      "readout_F0": 0.00542,
      "readout_F1": 0.0166
    }
  },
  "two_qubit": {
    "CZ_error": {
      "Q0_Q1": 0.005,
      "Q0_Q12": 0.005,
      "Q1_Q2": 0.008,
      "Q1_Q3": 0.004,
      "Q1_Q4": 0.008,
      "Q3_Q6": 0.009,
      "Q3_Q8": 0.006,
      "Q3_Q12": 0.005,
      "Q4_Q6": 0.01,
      "Q5_Q6": 0.01,
      "Q6_Q7": 0.007,
      "Q8_Q9": 0.009,
      "Q8_Q10": 0.007,
      "Q10_Q12": 0.011,
      "Q11_Q12": 0.003
    },
    "average_CZ_error": 0.007
  },
  "coupling_map": [
    [
      0,
      1
    ],
    [
      0,
      12
    ],
    [
      1,
      2
    ],
    [
      1,
      3
    ],
    [
      1,
      4
    ],
    [
      3,
      6
    ],
    [
      3,
      8
    ],
    [
      3,
      12
    ],
    [
      4,
      6
    ],
    [
      5,
      6
    ],
    [
      6,
      7
    ],
    [
      8,
      9
    ],
    [
      8,
      10
    ],
    [
      10,
      12
    ],
    [
      11,
      12
    ]
  ],
  "readout_calibration": {
    "description": "Per-qubit readout error calibration derived from SI Table S2 F0/F1 error rates",
    "n_shots": 10000,
    "groups": [
      [
        0
      ],
      [
        1
      ],
      [
        2
      ],
      [
        3
      ],
      [
        4
      ],
      [
        5
      ],
      [
        6
      ],
      [
        7
      ],
      [
        8
      ],
      [
        9
      ],
      [
        10
      ],
      [
        11
      ],
      [
        12
      ]
    ],
    "protocol_results": {
      "Q0_0": {
        "0": 9951,
        "1": 49
      },
      "Q0_1": {
        "0": 82,
        "1": 9918
      },
      "Q1_0": {
        "0": 9951,
        "1": 49
      },
      "Q1_1": {
        "0": 102,
        "1": 9898
      },
      "Q2_0": {
        "0": 9952,
        "1": 48
      },
      "Q2_1": {
        "0": 212,
        "1": 9788
      },
      "Q3_0": {
        "0": 9939,
        "1": 61
      },
      "Q3_1": {
        "0": 110,
        "1": 9890
      },
      "Q4_0": {
        "0": 9923,
        "1": 77
      },
      "Q4_1": {
        "0": 106,
        "1": 9894
      },
      "Q5_0": {
        "0": 9852,
        "1": 148
      },
      "Q5_1": {
        "0": 561,
        "1": 9439
      },
      "Q6_0": {
        "0": 9874,
        "1": 126
      },
      "Q6_1": {
        "0": 145,
        "1": 9855
      },
      "Q7_0": {
        "0": 9950,
        "1": 50
      },
      "Q7_1": {
        "0": 178,
        "1": 9822
      },
      "Q8_0": {
        "0": 9980,
        "1": 20
      },
      "Q8_1": {
        "0": 159,
        "1": 9841
      },
      "Q9_0": {
        "0": 9989,
        "1": 11
      },
      "Q9_1": {
        "0": 31,
        "1": 9969
      },
      "Q10_0": {
        "0": 9962,
        "1": 38
      },
      "Q10_1": {
        "0": 296,
        "1": 9704
      },
      "Q11_0": {
        "0": 9987,
        "1": 13
      },
      "Q11_1": {
        "0": 57,
        "1": 9943
      },
      "Q12_0": {
        "0": 9986,
        "1": 14
      },
      "Q12_1": {
        "0": 119,
        "1": 9881
      }
    }
  }
}